{"cameraMode":{"drawMode":0,"name":"Shaded","section":"Shading Mode"},"sceneLighting":true,"audioPlay":false,"sceneViewState":{"showFog":true,"showMaterialUpdate":false,"showSkybox":true,"showFlares":true,"showImageEffects":true,"showParticleSystems":true},"in2DMode":false,"pivot":{"x":2.1949591636657717,"y":5.683332443237305,"z":3.9207115173339845},"rotation":{"x":-0.23999713361263276,"y":0.13547676801681519,"z":-0.033844731748104098,"w":-0.9606785774230957},"size":10.762438774108887,"orthographic":false}